# Sum of execution time of kmeans ; number of kmeans calls
# 0.000000;0
# Now the Centroids:
6661815.000000;1429425.000000
6787118.000000;7352939.000000
9961638.000000;8538597.000000
1797464.000000;8737509.000000
8687992.000000;8435753.000000
