# Sum of execution time of kmeans ; number of kmeans calls
# 0.475779;801
# Now the Centroids:
2064494.875000;2464753.250000
7818920.500000;8705865.000000
7579560.500000;4693574.500000
7194615.000000;1198643.000000
2418951.750000;7552941.500000
