# Sum of execution time of kmeans ; number of kmeans calls
# 0.477098;801
# Now the Centroids:
2452325.000000;2209624.250000
1328705.625000;7726192.500000
8069943.500000;2202747.500000
4807732.500000;6468722.000000
8597956.000000;7296025.500000
