# Sum of execution time of kmeans ; number of kmeans calls
# 0.476337;801
# Now the Centroids:
8329830.500000;6630063.500000
8400469.000000;1737509.375000
1184684.250000;7335383.500000
5386342.500000;8443946.000000
2848411.750000;2631354.500000
