# Sum of execution time of kmeans ; number of kmeans calls
# 0.000000;0
# Now the Centroids:
703738.000000;8882847.000000
21758.000000;6320475.000000
5108832.000000;379412.000000
3167919.000000;5110408.000000
8779594.000000;8273995.000000
