# Sum of execution time of kmeans ; number of kmeans calls
# 3.021660;801
# Now the Centroids:
8818638.000000;2458232.000000
7621662.000000;7764533.000000
2258925.000000;7501565.500000
1652141.625000;1909311.500000
5412629.000000;2150758.250000
