# Sum of execution time of kmeans ; number of kmeans calls
# 0.481953;801
# Now the Centroids:
1500042.250000;7590055.000000
8649005.000000;7785002.500000
2331438.000000;2521933.250000
5195972.000000;6896680.000000
7755106.000000;2651535.000000
