# Sum of execution time of kmeans ; number of kmeans calls
# 0.467558;801
# Now the Centroids:
7798279.000000;8420440.000000
6892743.500000;1386636.375000
2208107.500000;7707032.500000
7566487.000000;4608598.500000
1892797.875000;2858474.500000
