# Sum of execution time of kmeans ; number of kmeans calls
# 0.000000;0
# Now the Centroids:
4114859.000000;9661701.000000
3480454.000000;4415964.000000
8641701.000000;146133.000000
7941618.000000;3791828.000000
6414793.000000;8678874.000000
