# Sum of execution time of kmeans ; number of kmeans calls
# 0.000000;0
# Now the Centroids:
8551790.000000;682715.000000
5433685.000000;9588093.000000
8625137.000000;1278973.000000
7773182.000000;5704647.000000
3074836.000000;4215393.000000
