# Sum of execution time of kmeans ; number of kmeans calls
# 0.000000;0
# Now the Centroids:
7886598.000000;5727680.000000
4907450.000000;3046416.000000
6155846.000000;7857923.000000
2280287.000000;9769638.000000
1591142.000000;2143023.000000
