# Sum of execution time of kmeans ; number of kmeans calls
# 0.000000;0
# Now the Centroids:
2417460.000000;3127371.000000
8595980.000000;7692941.000000
9729285.000000;1357448.000000
5443266.000000;6064256.000000
3836271.000000;241817.000000
