# Sum of execution time of kmeans ; number of kmeans calls
# 3.002893;801
# Now the Centroids:
7698879.000000;7857079.500000
2063851.000000;7224738.000000
8613889.000000;2666103.000000
1382893.125000;2298074.000000
4818697.000000;2769667.750000
