# Sum of execution time of kmeans ; number of kmeans calls
# 0.000000;0
# Now the Centroids:
651357.000000;6673230.000000
1888304.000000;717486.000000
7961743.000000;2212593.000000
5720631.000000;6235360.000000
4525468.000000;7919149.000000
