# Sum of execution time of kmeans ; number of kmeans calls
# 0.464089;801
# Now the Centroids:
8133588.000000;8269034.000000
7401868.000000;1917823.500000
1744302.625000;2614204.250000
2695208.500000;8049925.000000
7225942.500000;5648358.500000
