# Sum of execution time of kmeans ; number of kmeans calls
# 3.135538;801
# Now the Centroids:
5116737.000000;6955303.000000
1375533.500000;7221801.500000
8655657.000000;8154214.500000
2619122.500000;2236288.250000
8180849.000000;2627778.500000
