# Sum of execution time of kmeans ; number of kmeans calls
# 0.000000;0
# Now the Centroids:
204010.000000;8263434.000000
5031627.000000;6697272.000000
2164581.000000;4090753.000000
3763362.000000;5059418.000000
5054276.000000;2210970.000000
