# Sum of execution time of kmeans ; number of kmeans calls
# 0.489417;801
# Now the Centroids:
7844223.500000;7796827.000000
1126856.375000;2934764.500000
4157114.000000;2157837.750000
7827826.000000;2426015.000000
2476507.750000;7691706.500000
