# Sum of execution time of kmeans ; number of kmeans calls
# 0.000000;0
# Now the Centroids:
9961586.000000;1351381.000000
6999138.000000;5434168.000000
6512227.000000;2967965.000000
912836.000000;9422167.000000
4956628.000000;7593432.000000
