# Sum of execution time of kmeans ; number of kmeans calls
# 0.000000;0
# Now the Centroids:
5889642.000000;2247702.000000
7748259.000000;2023434.000000
4012771.000000;7203528.000000
3420972.000000;4369845.000000
7054778.000000;9950939.000000
