# Sum of execution time of kmeans ; number of kmeans calls
# 0.224854;801
# Now the Centroids:
211623690240.000000;8770439.000000
211624738816.000000;6284512.000000
211643023360.000000;8215109.000000
211656048640.000000;7974731.000000
211703808000.000000;5006815.000000
