# Sum of execution time of kmeans ; number of kmeans calls
# 0.225008;801
# Now the Centroids:
75442167808.000000;7821039.000000
75520876544.000000;6832297.000000
75530166272.000000;3558240.000000
75531018240.000000;5036665.000000
75533787136.000000;5996395.000000
