# Sum of execution time of kmeans ; number of kmeans calls
# 0.232019;802
171107024896.000000;4933005.000000
171109154816.000000;3606752.000000
171113594880.000000;2154710.000000
171117821952.000000;597091.000000
171142660096.000000;9597424.000000
