# Sum of execution time of kmeans ; number of kmeans calls
# 0.223532;801
# Now the Centroids:
175848144896.000000;4879754.000000
175900557312.000000;6036231.000000
175908569088.000000;2422527.000000
175924166656.000000;1717260.000000
175926476800.000000;4483675.000000
