# Sum of execution time of kmeans ; number of kmeans calls
# 0.000000;0
# Now the Centroids:
91613503488.000000;5927791.000000
91757084672.000000;2202553.000000
95645892608.000000;7224872.500000
95739625472.000000;5143182.000000
95865331712.000000;5409140.000000
