# Sum of execution time of kmeans ; number of kmeans calls
# 0.000000;0
# Now the Centroids:
222603001856.000000;9660615.000000
222618337280.000000;7922340.000000
222621483008.000000;1923947.000000
222621908992.000000;1518560.000000
222654316544.000000;7420140.000000
