# Sum of execution time of kmeans ; number of kmeans calls
# 0.000000;0
# Now the Centroids:
200835776512.000000;3320626.000000
200836399104.000000;8787953.000000
200837038080.000000;2880524.000000
200852045824.000000;8281820.000000
200901492736.000000;8988274.000000
