# Sum of execution time of kmeans ; number of kmeans calls
# 44.909660;801
# Now the Centroids:
170917822464.000000;5044848.000000
185592283136.000000;5606922.000000
190267375616.000000;5062976.500000
190703697920.000000;5056979.000000
191062261760.000000;4953354.000000
