# Sum of execution time of kmeans ; number of kmeans calls
# 0.000000;0
# Now the Centroids:
71727390720.000000;139247.000000
71732060160.000000;9479993.000000
71822442496.000000;4601009.000000
71901200384.000000;480187.000000
72034287616.000000;5891479.000000
