# Sum of execution time of kmeans ; number of kmeans calls
# 31.694944;801
# Now the Centroids:
3336271.750000;4985475.000000
11189008384.000000;4801797.500000
12003371008.000000;5044842.000000
12567177216.000000;5052348.500000
235118755840.000000;5408959.000000
