# Sum of execution time of kmeans ; number of kmeans calls
# 8.420832;801
# Now the Centroids:
105023315968.000000;6305816.000000
115954335744.000000;5486339.000000
120476803072.000000;5527223.500000
120655437824.000000;4906716.500000
120775303168.000000;5035626.500000
