# Sum of execution time of kmeans ; number of kmeans calls
# 1.205289;801
# Now the Centroids:
171810766848.000000;3439516.750000
174929575936.000000;4733043.000000
175011004416.000000;5183946.000000
175031042048.000000;5251904.500000
175047802880.000000;4851916.000000
