# Sum of execution time of kmeans ; number of kmeans calls
# 61.997785;801
# Now the Centroids:
184119967744.000000;4871628.500000
190074978304.000000;5096026.500000
190217437184.000000;4807625.000000
190330912768.000000;5086513.500000
190426054656.000000;4948042.000000
