# Sum of execution time of kmeans ; number of kmeans calls
# 44.691895;801
# Now the Centroids:
34780782592.000000;4479877.500000
51212279808.000000;4916758.500000
51934986240.000000;4962294.000000
52404310016.000000;4981334.000000
52748943360.000000;4969020.500000
