# Sum of execution time of kmeans ; number of kmeans calls
# 0.000000;0
# Now the Centroids:
141820379136.000000;7572134.000000
141832896512.000000;7664461.000000
141834813440.000000;9789187.000000
141844480000.000000;8318458.000000
141847216128.000000;2581789.000000
