# Sum of execution time of kmeans ; number of kmeans calls
# 45.962397;801
# Now the Centroids:
99136593920.000000;4305738.000000
112611581952.000000;5016673.500000
113335730176.000000;5002906.500000
113804558336.000000;5141388.000000
114150293504.000000;5151617.500000
