# Sum of execution time of kmeans ; number of kmeans calls
# 43.248356;801
# Now the Centroids:
211844775936.000000;4864144.500000
231106117632.000000;5479231.000000
231835615232.000000;4896373.500000
232303738880.000000;5092736.000000
232635662336.000000;4889495.500000
