# Sum of execution time of kmeans ; number of kmeans calls
# 45.279577;801
# Now the Centroids:
70656892928.000000;4144924.250000
83713540096.000000;5459927.000000
84434051072.000000;5181267.500000
84904329216.000000;5115944.500000
85268316160.000000;4865842.500000
