# Sum of execution time of kmeans ; number of kmeans calls
# 1.242495;801
# Now the Centroids:
141811335168.000000;8195129.000000
141811777536.000000;2031494.625000
141811286016.000000;4993989.500000
144931799040.000000;5821279.500000
145036574720.000000;4817079.000000
