# Sum of execution time of kmeans ; number of kmeans calls
# 0.000000;0
# Now the Centroids:
120236810240.000000;4790635.000000
120252022784.000000;2012493.000000
120255250432.000000;7024390.000000
120301502464.000000;9644111.000000
120306319360.000000;9700994.000000
