# Sum of execution time of kmeans ; number of kmeans calls
# 0.000000;0
# Now the Centroids:
171818467328.000000;2295942.000000
171822137344.000000;1441902.000000
171827740672.000000;3064826.000000
171835113472.000000;7127198.000000
171841994752.000000;4925021.000000
