# Sum of execution time of kmeans ; number of kmeans calls
# 0.000000;0
# Now the Centroids:
170614571008.000000;9141616.000000
170621763584.000000;5202570.000000
170957520896.000000;1347863.000000
171027038208.000000;3774908.000000
171030085632.000000;5205744.000000
