# Sum of execution time of kmeans ; number of kmeans calls
# 0.000000;0
# Now the Centroids:
192701513728.000000;3254407.000000
192717225984.000000;3825913.000000
192751599616.000000;4310842.000000
192805306368.000000;6115380.000000
192842170368.000000;8604456.000000
