# Sum of execution time of kmeans ; number of kmeans calls
# 0.000000;0
# Now the Centroids:
203209670656.000000;8043381.000000
203231641600.000000;3420019.000000
203232133120.000000;5975366.000000
203235328000.000000;8618137.000000
203237097472.000000;431599.000000
