# Sum of execution time of kmeans ; number of kmeans calls
# 1.196232;801
# Now the Centroids:
153117278208.000000;4473804.500000
160236765184.000000;4449615.500000
160319897600.000000;4452950.500000
160348536832.000000;4815769.500000
160403079168.000000;3908050.500000
