# Sum of execution time of kmeans ; number of kmeans calls
# 0.000000;0
# Now the Centroids:
215123656704.000000;6459263.000000
215255121920.000000;1048030.000000
215331274752.000000;111644.000000
215335370752.000000;1561917.000000
215347855360.000000;8658826.000000
