# Sum of execution time of kmeans ; number of kmeans calls
# 0.000000;0
# Now the Centroids:
100710391808.000000;3534349.000000
100712914944.000000;2924496.000000
100751081472.000000;2104499.000000
100946280448.000000;1427018.000000
100952137728.000000;2223452.000000
