# Sum of execution time of kmeans ; number of kmeans calls
# 0.000000;0
# Now the Centroids:
173651492864.000000;4641975.000000
173705494528.000000;2236718.000000
173710245888.000000;7863861.000000
173732134912.000000;7672148.000000
173812285440.000000;9416994.000000
