# Sum of execution time of kmeans ; number of kmeans calls
# 1.212087;801
# Now the Centroids:
120230879232.000000;4999435.500000
123338760192.000000;5022918.500000
123437842432.000000;5088129.000000
123504361472.000000;4157557.750000
123512053760.000000;5628220.500000
