# Sum of execution time of kmeans ; number of kmeans calls
# 0.000000;0
# Now the Centroids:
105045213184.000000;7836300.000000
105101959168.000000;783069.000000
105105350656.000000;9831292.000000
105111896064.000000;8529406.000000
105112469504.000000;3870319.000000
