# Sum of execution time of kmeans ; number of kmeans calls
# 1.191495;801
# Now the Centroids:
64243490816.000000;5175799.500000
71424933888.000000;5259706.000000
71507230720.000000;5644241.500000
71519313920.000000;4376646.500000
71530151936.000000;5309906.000000
