# Sum of execution time of kmeans ; number of kmeans calls
# 0.000000;0
# Now the Centroids:
153116950528.000000;2657570.000000
153132400640.000000;5174306.000000
153137217536.000000;9182138.000000
153140887552.000000;5834103.000000
153142165504.000000;3367202.000000
