# Sum of execution time of kmeans ; number of kmeans calls
# 0.000000;0
# Now the Centroids:
64249745408.000000;1790643.000000
64251990016.000000;6474337.000000
64259547136.000000;9000598.000000
64316489728.000000;1544404.000000
64317632512.000000;110013.000000
