# Sum of execution time of kmeans ; number of kmeans calls
# 1.184860;801
# Now the Centroids:
92713345024.000000;4620451.000000
95831810048.000000;4890820.500000
95913107456.000000;5448278.500000
95933906944.000000;4851498.500000
95950979072.000000;5461660.500000
