# Sum of execution time of kmeans ; number of kmeans calls
# 1.191656;801
# Now the Centroids:
203205656576.000000;4799752.500000
210253430784.000000;4283352.000000
210338250752.000000;5066184.500000
210416599040.000000;4897870.500000
210441601024.000000;4775511.000000
