# Sum of execution time of kmeans ; number of kmeans calls
# 0.000000;0
# Now the Centroids:
235116052480.000000;9408255.000000
235226185728.000000;356449.000000
235251908608.000000;1920224.000000
235413798912.000000;24794.000000
235422777344.000000;5833684.000000
