# Sum of execution time of kmeans ; number of kmeans calls
# 0.000000;0
# Now the Centroids:
35320803328.000000;190763.000000
35418337280.000000;9529951.000000
35435958272.000000;9811230.000000
35438039040.000000;7049981.000000
35615965184.000000;6406196.000000
