# Sum of execution time of kmeans ; number of kmeans calls
# 0.000000;0
# Now the Centroids:
92712534016.000000;4887520.000000
92716531712.000000;3994808.000000
92719898624.000000;5803456.000000
92728541184.000000;1655589.000000
92738166784.000000;4188966.000000
