# Sum of execution time of kmeans ; number of kmeans calls
# 0.000000;0
# Now the Centroids:
165240717312.000000;4180760.000000
165157666816.000000;5728973.000000
164951146496.000000;8404236.000000
165050793984.000000;9153867.000000
165059198976.000000;4161148.000000
