# Sum of execution time of kmeans ; number of kmeans calls
# 5.665332;801
# Now the Centroids:
134677880832.000000;5184014.000000
135804067840.000000;4950273.000000
121067339776.000000;4687466.000000
135340236800.000000;5000068.500000
140300222464.000000;4984369.500000
