# Sum of execution time of kmeans ; number of kmeans calls
# 0.000000;0
# Now the Centroids:
143019507712.000000;3965467.000000
142838530048.000000;7273097.000000
143041691648.000000;7978752.000000
142955986944.000000;5939716.000000
142854127616.000000;2558794.000000
