# Sum of execution time of kmeans ; number of kmeans calls
# 0.000000;0
# Now the Centroids:
65056641024.000000;2432314.000000
65034149888.000000;5723376.000000
64941420544.000000;68717.000000
64758222848.000000;3523539.000000
64843771904.000000;6113382.000000
