# Sum of execution time of kmeans ; number of kmeans calls
# 0.000000;0
# Now the Centroids:
90011320320.000000;1079181.000000
90217185280.000000;1505244.000000
85948530688.000000;3752298.000000
90131374080.000000;9113912.000000
85925142528.000000;5586785.000000
