# Sum of execution time of kmeans ; number of kmeans calls
# 5.548753;801
# Now the Centroids:
184156504064.000000;4832946.500000
0.000000;-0.000002
200792899584.000000;4810635.500000
195764879360.000000;4545764.000000
201589342208.000000;4924392.500000
