# Sum of execution time of kmeans ; number of kmeans calls
# 0.000000;0
# Now the Centroids:
101403451392.000000;6414100.000000
101148598272.000000;7163989.000000
101318107136.000000;3075068.000000
101427339264.000000;1268440.000000
101250523136.000000;5756432.000000
