# Sum of execution time of kmeans ; number of kmeans calls
# 5.601496;801
# Now the Centroids:
85909241856.000000;4964158.000000
0.000000;-0.000002
101983977472.000000;4949075.000000
102804905984.000000;5067870.000000
103345405952.000000;4837890.500000
