# Sum of execution time of kmeans ; number of kmeans calls
# 0.000000;0
# Now the Centroids:
123155185664.000000;2356014.000000
122911825920.000000;3027399.000000
123222138880.000000;3404556.000000
123025113088.000000;662473.000000
123125727232.000000;878809.000000
