# Sum of execution time of kmeans ; number of kmeans calls
# 5.795800;801
# Now the Centroids:
220968189952.000000;4886863.500000
0.000000;-0.000002
233904914432.000000;4881306.000000
234428104704.000000;5130021.500000
233082896384.000000;5106351.000000
