# Sum of execution time of kmeans ; number of kmeans calls
# 0.000000;0
# Now the Centroids:
221137682432.000000;7916196.000000
221316808704.000000;9887115.000000
221229973504.000000;2956773.000000
221235085312.000000;5794280.000000
221010296832.000000;8433913.000000
