# Sum of execution time of kmeans ; number of kmeans calls
# 5.475482;801
# Now the Centroids:
81427070976.000000;4987929.000000
63763095552.000000;4429412.500000
80654344192.000000;5501739.500000
81904910336.000000;5153925.000000
82267168768.000000;4895739.000000
