# Sum of execution time of kmeans ; number of kmeans calls
# 0.000000;0
# Now the Centroids:
184428036096.000000;3205621.000000
184302141440.000000;7569149.000000
184505335808.000000;8970557.000000
184158961664.000000;240130.000000
184251858944.000000;2069527.000000
