# Sum of execution time of kmeans ; number of kmeans calls
# 5.703455;801
# Now the Centroids:
160418775040.000000;5191062.500000
142741766144.000000;5227132.500000
160144031744.000000;5012492.000000
0.000000;-0.000002
155511209984.000000;5121124.500000
