# Sum of execution time of kmeans ; number of kmeans calls
# 9.734907;801
# Now the Centroids:
121717760000.000000;4949507.500000
101126258688.000000;5221111.000000
122243547136.000000;5050221.500000
0.000000;-0.000002
120785321984.000000;4866990.000000
