# Sum of execution time of kmeans ; number of kmeans calls
# 5.616823;801
# Now the Centroids:
180990230528.000000;5192239.500000
164922998784.000000;5260703.500000
0.000000;-0.000002
182364225536.000000;4993271.000000
181804875776.000000;4873846.500000
