# Sum of execution time of kmeans ; number of kmeans calls
# 4.275597;801
# Now the Centroids:
3100949.750000;5174910.000000
2174848.000000;1759375.375000
7744217.000000;2377448.250000
7790680.500000;7520971.000000
2209959.000000;8466724.000000
