# Sum of execution time of kmeans ; number of kmeans calls
# 0.000000;0
# Now the Centroids:
5505675.000000;1096882.000000
9901779.000000;4809006.000000
2718688.000000;3828849.000000
6115480.000000;6745603.000000
7667196.000000;6541177.000000
