# Sum of execution time of kmeans ; number of kmeans calls
# 4.307265;801
# Now the Centroids:
4754611.500000;7616919.000000
2618803.500000;2168892.750000
1315472.750000;7066447.000000
8321804.000000;7554916.000000
7503427.000000;2519135.750000
