# Sum of execution time of kmeans ; number of kmeans calls
# 0.000000;0
# Now the Centroids:
6263787.000000;3789258.000000
116750.000000;6590159.000000
538665.000000;7905765.000000
9282145.000000;9686685.000000
3744162.000000;1160347.000000
