# Sum of execution time of kmeans ; number of kmeans calls
# 4.165301;801
# Now the Centroids:
4911328.000000;4750085.500000
7901531.000000;2099311.500000
2155046.000000;7790174.000000
2124203.000000;2188937.500000
7762275.500000;7598339.000000
