# Sum of execution time of kmeans ; number of kmeans calls
# 4.284656;801
# Now the Centroids:
7727415.000000;7571624.500000
1443645.125000;2697655.250000
2448818.750000;7738785.500000
8218020.500000;2465344.750000
4720856.500000;2859181.250000
