# Sum of execution time of kmeans ; number of kmeans calls
# 0.000000;0
# Now the Centroids:
4050546.000000;4255998.000000
5975083.000000;6219412.000000
8754305.000000;2539996.000000
3255939.000000;9040075.000000
2849958.000000;6980382.000000
