# Sum of execution time of kmeans ; number of kmeans calls
# 4.383046;801
# Now the Centroids:
1959242.750000;7190594.500000
7538955.500000;1729212.750000
2320896.500000;2254840.250000
7938448.000000;5383637.500000
6566458.000000;8443961.000000
