# Sum of execution time of kmeans ; number of kmeans calls
# 0.000000;0
# Now the Centroids:
9986789.000000;2202993.000000
827714.000000;5181540.000000
6955082.000000;482638.000000
5664056.000000;9619017.000000
6956899.000000;6220578.000000
