# Sum of execution time of kmeans ; number of kmeans calls
# 4.339669;801
# Now the Centroids:
3263639.750000;1552789.125000
7870622.500000;2613547.250000
7537704.000000;7568585.500000
1913927.000000;4485469.000000
2507125.500000;8082405.000000
