# Sum of execution time of kmeans ; number of kmeans calls
# 0.000000;0
# Now the Centroids:
4857446.000000;6092456.000000
6262984.000000;9505211.000000
4711775.000000;3566880.000000
9441347.000000;5985877.000000
970485.000000;3217631.000000
