# Sum of execution time of kmeans ; number of kmeans calls
# 0.000000;0
# Now the Centroids:
6732372.000000;7501025.000000
1554905.000000;9688735.000000
8214242.000000;1077553.000000
6095196.000000;3973859.000000
3739680.000000;3165356.000000
