# Sum of execution time of kmeans ; number of kmeans calls
# 4.643425;801
# Now the Centroids:
1505663.500000;7678841.500000
7670828.500000;2448259.500000
8511759.000000;7646866.500000
2451346.750000;2376195.500000
4985668.500000;7203430.000000
