# Sum of execution time of kmeans ; number of kmeans calls
# 0.000000;0
# Now the Centroids:
67292.000000;3422857.000000
7869311.000000;371076.000000
9204783.000000;5502786.000000
7701173.000000;5578693.000000
4315603.000000;6937546.000000
