# Sum of execution time of kmeans ; number of kmeans calls
# 4.054641;801
# Now the Centroids:
5570711.000000;4802824.500000
7965045.500000;2064232.375000
2103548.250000;7680505.000000
7875153.500000;7895900.000000
2182929.750000;2327611.500000
