# Sum of execution time of kmeans ; number of kmeans calls
# 0.000000;0
# Now the Centroids:
4398600.000000;6037592.000000
2629346.000000;5128143.000000
8286639.000000;8388082.000000
4803322.000000;8298650.000000
7034562.000000;1171579.000000
