# Sum of execution time of kmeans ; number of kmeans calls
# 0.000000;0
# Now the Centroids:
25635.000000;32330.000000
26802.000000;9999.000000
21092.000000;23682.000000
11116.000000;11003.000000
29022.000000;27725.000000
