# Sum of execution time of kmeans ; number of kmeans calls
# 0.000000;0
# Now the Centroids:
29111.000000;27980.000000
10461.000000;33018.000000
14866.000000;10163.000000
6708.000000;30528.000000
10695.000000;14798.000000
