# Sum of execution time of kmeans ; number of kmeans calls
# 0.000000;0
# Now the Centroids:
13170.000000;7978.000000
13784.000000;32677.000000
33160.000000;7583.000000
12546.000000;29180.000000
32048.000000;33190.000000
