# Sum of execution time of kmeans ; number of kmeans calls
# 1.983008;801
# Now the Centroids:
30200.369141;30022.453125
9957.208984;9775.579102
9821.690430;30039.513672
30040.212891;9900.570312
19925.015625;20145.738281
