# Sum of execution time of kmeans ; number of kmeans calls
# 0.000000;0
# Now the Centroids:
15365.000000;19602.000000
33165.000000;27010.000000
21913.000000;24171.000000
9756.000000;7957.000000
26293.000000;7683.000000
