# Sum of execution time of kmeans ; number of kmeans calls
# 1.832801;801
# Now the Centroids:
9958.096680;29933.542969
29865.404297;10138.093750
9793.925781;9778.386719
30021.560547;29801.783203
20144.371094;20170.328125
