# Sum of execution time of kmeans ; number of kmeans calls
# 1.857784;801
# Now the Centroids:
30199.435547;30053.632812
30166.093750;10032.756836
9714.294922;9900.927734
19889.820312;19954.560547
9978.551758;29909.861328
