# Sum of execution time of kmeans ; number of kmeans calls
# 1.817066;801
# Now the Centroids:
9795.502930;29976.455078
20059.105469;19975.115234
30085.050781;29986.576172
10018.453125;9842.006836
30064.955078;10186.149414
