# Sum of execution time of kmeans ; number of kmeans calls
# 0.000000;0
# Now the Centroids:
8278.000000;28053.000000
13338.000000;26540.000000
11757.000000;8248.000000
33468.000000;27633.000000
26817.000000;11501.000000
