# Sum of execution time of kmeans ; number of kmeans calls
# 0.000000;0
# Now the Centroids:
7113.000000;29808.000000
30275.000000;7312.000000
12966.000000;12594.000000
20811.000000;15560.000000
28846.000000;30949.000000
