# Sum of execution time of kmeans ; number of kmeans calls
# 1.877438;801
# Now the Centroids:
10025.139648;29921.380859
30110.078125;29972.666016
9804.266602;9947.413086
29957.585938;10104.977539
20224.455078;20036.498047
