# Sum of execution time of kmeans ; number of kmeans calls
# 1.851576;801
# Now the Centroids:
20050.970703;19998.777344
29984.162109;9809.540039
9824.368164;29880.625000
30120.367188;29823.623047
9929.171875;10039.435547
