# Sum of execution time of kmeans ; number of kmeans calls
# 0.000000;0
# Now the Centroids:
16745.000000;20592.000000
31910.000000;11825.000000
9976.000000;8490.000000
29725.000000;27885.000000
31146.000000;34076.000000
