# Sum of execution time of kmeans ; number of kmeans calls
# 1.837244;801
# Now the Centroids:
30306.564453;30030.574219
20104.601562;19978.234375
9787.636719;30079.939453
30026.232422;10115.904297
9855.109375;10131.229492
