# Sum of execution time of kmeans ; number of kmeans calls
# 0.000000;0
# Now the Centroids:
14317.000000;30175.000000
27304.000000;32341.000000
19272.000000;18708.000000
11466.000000;26261.000000
27461.000000;12270.000000
