# Sum of execution time of kmeans ; number of kmeans calls
# 1.846223;801
# Now the Centroids:
20132.824219;19955.582031
9724.500977;29855.306641
30047.208984;29963.128906
30351.248047;10095.947266
9918.648438;10235.193359
